consumers,acd,m_ifd_0,m_ifd_1,m_ifd_2,m_ifd_w,m_odr,d_ifd_0,d_ifd_1,d_odr,m_mvmexe,m_mvmprg,m_iau,m_dpu,d_dwpu,d_iau,d_dpu,hp_dma_0,hp_dma_1
acd,,,,,,,,,,,,,,,,,,
m_ifd_0,,,x,x,x,x,x,x,x,,,,,,,,x,x
m_ifd_1,,x,,x,x,x,x,x,x,,,,,,,,x,x
m_ifd_2,,x,x,,x,x,x,x,x,,,,,,,,x,x
m_ifd_w,,x,x,x,,x,x,x,x,,,,,,,,x,x
m_odr,,x,x,x,x,,x,x,x,,,,,,,,x,x
d_ifd_0,,x,x,x,x,x,,x,x,,,,,,,,x,x
d_ifd_1,,x,x,x,x,x,x,,x,,,,,,,,x,x
d_odr,,x,x,x,x,x,x,x,,,,,,,,,x,x
m_mvmexe,,,,,,,,,,,x,,,,,,,
m_mvmprg,,,,,,,,,,x,,,,,,,,
m_iau,,,,,,,,,,,,,,,,,,
m_dpu,,,,,,,,,,,,,,,,,,
d_dwpu,,,,,,,,,,,,,,,,,,
d_iau,,,,,,,,,,,,,,,,,,
d_dpu,,,,,,,,,,,,,,,,,,
hp_dma_0,,x,x,x,x,x,x,x,x,,,,,,,,,x
hp_dma_1,,x,x,x,x,x,x,x,x,,,,,,,,x,
